{
  "hash": "52e1641a",
  "configHash": "f87324d3",
  "lockfileHash": "a83530f0",
  "browserHash": "4a6b262e",
  "optimized": {
    "@angular/common": {
      "src": "../../../../../node_modules/@angular/common/fesm2022/common.mjs",
      "file": "@angular_common.js",
      "fileHash": "b45b3e28",
      "needsInterop": false
    },
    "@angular/common/http": {
      "src": "../../../../../node_modules/@angular/common/fesm2022/http.mjs",
      "file": "@angular_common_http.js",
      "fileHash": "9f902ea9",
      "needsInterop": false
    },
    "@angular/core": {
      "src": "../../../../../node_modules/@angular/core/fesm2022/core.mjs",
      "file": "@angular_core.js",
      "fileHash": "9ab9ad94",
      "needsInterop": false
    },
    "@angular/forms": {
      "src": "../../../../../node_modules/@angular/forms/fesm2022/forms.mjs",
      "file": "@angular_forms.js",
      "fileHash": "6b273b0c",
      "needsInterop": false
    },
    "@angular/material/paginator": {
      "src": "../../../../../node_modules/@angular/material/fesm2022/paginator.mjs",
      "file": "@angular_material_paginator.js",
      "fileHash": "450261cf",
      "needsInterop": false
    },
    "@angular/platform-browser": {
      "src": "../../../../../node_modules/@angular/platform-browser/fesm2022/platform-browser.mjs",
      "file": "@angular_platform-browser.js",
      "fileHash": "811744c3",
      "needsInterop": false
    },
    "@angular/platform-browser/animations/async": {
      "src": "../../../../../node_modules/@angular/platform-browser/fesm2022/animations/async.mjs",
      "file": "@angular_platform-browser_animations_async.js",
      "fileHash": "f712dd43",
      "needsInterop": false
    },
    "@angular/router": {
      "src": "../../../../../node_modules/@angular/router/fesm2022/router.mjs",
      "file": "@angular_router.js",
      "fileHash": "2e866a79",
      "needsInterop": false
    }
  },
  "chunks": {
    "browser-DQKG6KRA": {
      "file": "browser-DQKG6KRA.js"
    },
    "chunk-TSMPBOKN": {
      "file": "chunk-TSMPBOKN.js"
    },
    "chunk-QWEU7MI6": {
      "file": "chunk-QWEU7MI6.js"
    },
    "chunk-J67POELL": {
      "file": "chunk-J67POELL.js"
    },
    "chunk-55WTYKJH": {
      "file": "chunk-55WTYKJH.js"
    },
    "chunk-74TRDB3Y": {
      "file": "chunk-74TRDB3Y.js"
    },
    "chunk-FSZRF7NA": {
      "file": "chunk-FSZRF7NA.js"
    }
  }
}